Code,Name,Market,Score,PrevScore,Delta,Status,Signals,Rel60,DD120,AvgAmount20,PER,PBR
089970,브이엠,KOSDAQ,18,0,18,신규,60일 시장 대비 -10%p 소외 / 120일 고점 대비 -15%,-14.95776573273093,-45.4469507101086,40046857035.0,,
087010,펩트론,KOSDAQ,18,0,18,신규,60일 시장 대비 -10%p 소외 / 120일 고점 대비 -15%,-32.923128049680514,-71.40625,22683705385.0,,
064350,현대로템,KOSPI,18,18,0,유지,60일 시장 대비 -10%p 소외 / 120일 고점 대비 -15%,-12.008169569050054,-59.77695167286245,39899340565.0,,
004170,신세계,KOSPI,18,18,0,유지,60일 시장 대비 -10%p 소외 / 120일 고점 대비 -15%,-26.74025921637095,-58.891752577319586,25935468250.0,,
347850,디앤디파마텍,KOSDAQ,18,18,0,유지,60일 시장 대비 -10%p 소외 / 120일 고점 대비 -15%,-38.1101906749942,-59.30755395683454,24374295232.5,,
023530,롯데쇼핑,KOSPI,18,18,0,유지,60일 시장 대비 -10%p 소외 / 120일 고점 대비 -15%,-17.069917182167536,-51.498771498771504,16338860870.0,,
145020,휴젤,KOSDAQ,18,18,0,유지,60일 시장 대비 -10%p 소외 / 120일 고점 대비 -15%,-12.39582108169558,-37.62711864406779,11879094775.0,,
069960,현대백화점,KOSPI,18,18,0,유지,60일 시장 대비 -10%p 소외 / 120일 고점 대비 -15%,-27.47121536687861,-57.971014492753625,10926367955.0,,
950160,코오롱티슈진,KOSDAQ,18,18,0,유지,60일 시장 대비 -10%p 소외 / 120일 고점 대비 -15%,-71.04920799997853,-87.85302593659942,10382333944.5,,
