Code,op_now,op_prev,ocf_now,ocf_prev,fcf_now,fcf_prev,fund_updated
000660,,,,,,,2026-10-01T23:42:20
005930,,,,,,,2026-10-01T23:42:23
009150,,,,,,,2026-10-01T23:42:25
005935,,,,,,,2026-10-01T23:42:27
402340,,,,,,,2026-10-01T23:42:28
034020,,,,,,,2026-10-01T23:42:31
010170,,,,,,,2026-10-01T23:42:33
006400,,,,,,,2026-10-01T23:42:37
105560,,,,,,,2026-10-01T23:42:39
005380,,,,,,,2026-10-01T23:42:41
042700,,,,,,,2026-10-01T23:42:43
047040,,,,,,,2026-10-01T23:42:45
001820,,,,,,,2026-10-01T23:42:46
316140,,,,,,,2026-10-01T23:42:48
096770,,,,,,,2026-10-01T23:42:50
066570,,,,,,,2026-10-01T23:42:52
047050,,,,,,,2026-10-01T23:42:53
012450,,,,,,,2026-10-01T23:42:55
035420,,,,,,,2026-10-01T23:42:57
108490,,,,,,,2026-10-01T23:42:59
329180,,,,,,,2026-10-01T23:43:01
028260,,,,,,,2026-10-01T23:43:02
055550,,,,,,,2026-10-01T23:43:04
353200,,,,,,,2026-10-01T23:43:06
012330,,,,,,,2026-10-01T23:43:08
000150,,,,,,,2026-10-01T23:43:09
373220,,,,,,,2026-10-01T23:43:11
043260,,,,,,,2026-10-01T23:43:13
011070,,,,,,,2026-10-01T23:43:14
052690,,,,,,,2026-10-01T23:43:16
